Workbook

Sheet Stappen
A1: Toon tem stap: | B1: 22 | D1: Stappen | E1: Iteratie | G1: wat? | H1: Klasse | J1: ID VP | K1: ID VP (nr) | L1: delete? | M1: getter? | N1: details associatie? | O1: waarde AX | P1: waarde AH | Q1: Count yes details | R1: waarde AO | S1: waarde AP | T1: waarde AQ
D2: 1 | E2: IT 1 | F2: DC toevoegen | G2: Klasse | H2: DC | I2: DomeinController | J2: VU1q_96GAqAAwhbx | K2: =INDEX('[1]System Data'!$A:$A,MATCH(J2,'[1]System Data'!$B:$B,0)) -> 20 | L2: No | O2: =IF(D2<=$B$1, L2, $B$3) -> No | P2: =IF(ISBLANK(M2), "", IF($D2<=$B$1, M2, $B$4)) | Q2: =IF(ISBLANK(N2), "", IF($D2<=$B$1, N2, $B$4)) | R2: =IF(ISBLANK($N2),"",IF(AND($D2<=$B$1,$N2="Yes"),VLOOKUP($K2,Export!$B$2:$AR$29,40,FALSE),$B$5)) | S2: =IF(ISBLANK($N2),"",IF(AND($D2<=$B$1,$N2="Yes"),VLOOKUP($K2,Export!$B$2:$AR$29,41,FALSE),$B$6)) | T2: =IF(ISBLANK($N2),"",IF(AND($D2<=$B$1,$N2="Yes"),VLOOKUP($K2,Export!$B$2:$AR$29,42,FALSE),$B$7))
A3: Default AX | B3: Yes | D3: =$D2+1 -> 2 | E3: IT 1 | F3: Controller startHogerLager | G3: Methode | H3: DC | I3: methode startHogerLager | J3: Nmg6_96GAqAAwhgs | K3: =INDEX('[1]System Data'!$A:$A,MATCH(J3,'[1]System Data'!$B:$B,0)) -> 22 | L3: No | O3: =IF(D3<=$B$1, L3, $B$3) -> No | P3: =IF(ISBLANK(M3), "", IF($D3<=$B$1, M3, $B$4)) | Q3: =IF(ISBLANK(N3), "", IF($D3<=$B$1, N3, $B$4)) | R3: =IF(ISBLANK($N3),"",IF(AND($D3<=$B$1,$N3="Yes"),VLOOKUP($K3,Export!$B$2:$AR$29,40,FALSE),$B$5)) | S3: =IF(ISBLANK($N3),"",IF(AND($D3<=$B$1,$N3="Yes"),VLOOKUP($K3,Export!$B$2:$AR$29,41,FALSE),$B$6)) | T3: =IF(ISBLANK($N3),"",IF(AND($D3<=$B$1,$N3="Yes"),VLOOKUP($K3,Export!$B$2:$AR$29,42,FALSE),$B$7))
A4: Default AH | B4: No | D4: =$D3+1 -> 3 | E4: IT 1 | F4: Klasse HogerLager | G4: Klasse | H4: HogerLager | J4: HINq_96GAqAAwhb4 | K4: =INDEX('[1]System Data'!$A:$A,MATCH(J4,'[1]System Data'!$B:$B,0)) -> 10 | L4: No | O4: =IF(D4<=$B$1, L4, $B$3) -> No | P4: =IF(ISBLANK(M4), "", IF($D4<=$B$1, M4, $B$4)) | Q4: =IF(ISBLANK(N4), "", IF($D4<=$B$1, N4, $B$4)) | R4: =IF(ISBLANK($N4),"",IF(AND($D4<=$B$1,$N4="Yes"),VLOOKUP($K4,Export!$B$2:$AR$29,40,FALSE),$B$5)) | S4: =IF(ISBLANK($N4),"",IF(AND($D4<=$B$1,$N4="Yes"),VLOOKUP($K4,Export!$B$2:$AR$29,41,FALSE),$B$6)) | T4: =IF(ISBLANK($N4),"",IF(AND($D4<=$B$1,$N4="Yes"),VLOOKUP($K4,Export!$B$2:$AR$29,42,FALSE),$B$7))
A5: Default AO | B5: ="" | D5: =$D$4 -> 3 | E5: IT 1 | F5: Klasse HogerLager | G5: Attribuut | H5: HogerLager | I5: attr score | J5: yLha_96GAqAAwhgO | K5: =INDEX('[1]System Data'!$A:$A,MATCH(J5,'[1]System Data'!$B:$B,0)) -> 12 | L5: No | M5: No | O5: =IF(D5<=$B$1, L5, $B$3) -> No | P5: =IF(ISBLANK(M5), "", IF($D5<=$B$1, M5, $B$4)) -> No | Q5: =IF(ISBLANK(N5), "", IF($D5<=$B$1, N5, $B$4)) | R5: =IF(ISBLANK($N5),"",IF(AND($D5<=$B$1,$N5="Yes"),VLOOKUP($K5,Export!$B$2:$AR$29,40,FALSE),$B$5)) | S5: =IF(ISBLANK($N5),"",IF(AND($D5<=$B$1,$N5="Yes"),VLOOKUP($K5,Export!$B$2:$AR$29,41,FALSE),$B$6)) | T5: =IF(ISBLANK($N5),"",IF(AND($D5<=$B$1,$N5="Yes"),VLOOKUP($K5,Export!$B$2:$AR$29,42,FALSE),$B$7))
A6: Default AL | B6: Unspecified | D6: =$D5+1 -> 4 | E6: IT 1 | F6: Ctor HogerLager | G6: Methode | H6: Trekking | I6: ctor HogerLager | J6: iq1a_96GAqAAwhgZ | K6: =INDEX('[1]System Data'!$A:$A,MATCH(J6,'[1]System Data'!$B:$B,0)) -> 14 | L6: No | O6: =IF(D6<=$B$1, L6, $B$3) -> No | P6: =IF(ISBLANK(M6), "", IF($D6<=$B$1, M6, $B$4)) | Q6: =IF(ISBLANK(N6), "", IF($D6<=$B$1, N6, $B$4)) | R6: =IF(ISBLANK($N6),"",IF(AND($D6<=$B$1,$N6="Yes"),VLOOKUP($K6,Export!$B$2:$AR$29,40,FALSE),$B$5)) | S6: =IF(ISBLANK($N6),"",IF(AND($D6<=$B$1,$N6="Yes"),VLOOKUP($K6,Export!$B$2:$AR$29,41,FALSE),$B$6)) | T6: =IF(ISBLANK($N6),"",IF(AND($D6<=$B$1,$N6="Yes"),VLOOKUP($K6,Export!$B$2:$AR$29,42,FALSE),$B$7))
A7: Default AM | B7: Unspecified | D7: =$D6+1 -> 5 | E7: IT 1 | F7: Associatie hl | G7: Associatie | H7: Associatie | I7: ass dc -> hogerlager | J7: CxG6_96GAqAAwhhM | K7: =INDEX('[1]System Data'!$A:$A,MATCH(J7,'[1]System Data'!$B:$B,0)) -> 35 | L7: No | N7: Yes | O7: =IF(D7<=$B$1, L7, $B$3) -> No | P7: =IF(ISBLANK(M7), "", IF($D7<=$B$1, M7, $B$4)) | Q7: =IF(ISBLANK(N7), "", IF($D7<=$B$1, N7, $B$4)) -> Yes | R7: =IF(ISBLANK($N7),"",IF(AND($D7<=$B$1,$N7="Yes"),VLOOKUP($K7,Export!$B$2:$AR$29,40,FALSE),$B$5)) -> hogerLager | S7: =IF(ISBLANK($N7),"",IF(AND($D7<=$B$1,$N7="Yes"),VLOOKUP($K7,Export!$B$2:$AR$29,41,FALSE),$B$6)) -> 0..1 | T7: =IF(ISBLANK($N7),"",IF(AND($D7<=$B$1,$N7="Yes"),VLOOKUP($K7,Export!$B$2:$AR$29,42,FALSE),$B$7)) -> True
D8: =$D7+1 -> 6 | E8: IT 1 | F8: Klasse Kaart | G8: Klasse | H8: Kaart | J8: dotq_96GAqAAwhb_ | K8: =INDEX('[1]System Data'!$A:$A,MATCH(J8,'[1]System Data'!$B:$B,0)) -> 3 | L8: No | O8: =IF(D8<=$B$1, L8, $B$3) -> No | P8: =IF(ISBLANK(M8), "", IF($D8<=$B$1, M8, $B$4)) | Q8: =IF(ISBLANK(N8), "", IF($D8<=$B$1, N8, $B$4)) | R8: =IF(ISBLANK($N8),"",IF(AND($D8<=$B$1,$N8="Yes"),VLOOKUP($K8,Export!$B$2:$AR$29,40,FALSE),$B$5)) | S8: =IF(ISBLANK($N8),"",IF(AND($D8<=$B$1,$N8="Yes"),VLOOKUP($K8,Export!$B$2:$AR$29,41,FALSE),$B$6)) | T8: =IF(ISBLANK($N8),"",IF(AND($D8<=$B$1,$N8="Yes"),VLOOKUP($K8,Export!$B$2:$AR$29,42,FALSE),$B$7))
D9: =$D8 -> 6 | E9: IT 1 | F9: Klasse Kaart | G9: Attribuut | H9: Kaart | I9: attr waarde | J9: fqrq_96GAqAAwhcJ | K9: =INDEX('[1]System Data'!$A:$A,MATCH(J9,'[1]System Data'!$B:$B,0)) -> 5 | L9: No | M9: No | O9: =IF(D9<=$B$1, L9, $B$3) -> No | P9: =IF(ISBLANK(M9), "", IF($D9<=$B$1, M9, $B$4)) -> No | Q9: =IF(ISBLANK(N9), "", IF($D9<=$B$1, N9, $B$4)) | R9: =IF(ISBLANK($N9),"",IF(AND($D9<=$B$1,$N9="Yes"),VLOOKUP($K9,Export!$B$2:$AR$29,40,FALSE),$B$5)) | S9: =IF(ISBLANK($N9),"",IF(AND($D9<=$B$1,$N9="Yes"),VLOOKUP($K9,Export!$B$2:$AR$29,41,FALSE),$B$6)) | T9: =IF(ISBLANK($N9),"",IF(AND($D9<=$B$1,$N9="Yes"),VLOOKUP($K9,Export!$B$2:$AR$29,42,FALSE),$B$7))
D10: =$D9 -> 6 | E10: IT 1 | F10: Klasse Kaart | G10: Attribuut | H10: Kaart | I10: attr kleur | J10: V7rq_96GAqAAwhcO | K10: =INDEX('[1]System Data'!$A:$A,MATCH(J10,'[1]System Data'!$B:$B,0)) -> 6 | L10: No | M10: No | O10: =IF(D10<=$B$1, L10, $B$3) -> No | P10: =IF(ISBLANK(M10), "", IF($D10<=$B$1, M10, $B$4)) -> No | Q10: =IF(ISBLANK(N10), "", IF($D10<=$B$1, N10, $B$4)) | R10: =IF(ISBLANK($N10),"",IF(AND($D10<=$B$1,$N10="Yes"),VLOOKUP($K10,Export!$B$2:$AR$29,40,FALSE),$B$5)) | S10: =IF(ISBLANK($N10),"",IF(AND($D10<=$B$1,$N10="Yes"),VLOOKUP($K10,Export!$B$2:$AR$29,41,FALSE),$B$6)) | T10: =IF(ISBLANK($N10),"",IF(AND($D10<=$B$1,$N10="Yes"),VLOOKUP($K10,Export!$B$2:$AR$29,42,FALSE),$B$7))
D11: =$D10 -> 6 | E11: IT 1 | F11: Klasse Kaart | G11: Associatie | H11: Associatie | I11: ass hogerlager -> huidigeKaart zonder details! | J11: FkUa_96GAqAAwhfk | K11: =INDEX('[1]System Data'!$A:$A,MATCH(J11,'[1]System Data'!$B:$B,0)) -> 30 | L11: No | N11: No | O11: =IF(D11<=$B$1, L11, $B$3) -> No | P11: =IF(ISBLANK(M11), "", IF($D11<=$B$1, M11, $B$4)) | Q11: =IF(ISBLANK(N11), "", IF($D11<=$B$1, N11, $B$4)) -> No | R11: =IF(ISBLANK($N11),"",IF(AND($D11<=$B$1,$N11="Yes"),VLOOKUP($K11,Export!$B$2:$AR$29,40,FALSE),$B$5)) | S11: =IF(ISBLANK($N11),"",IF(AND($D11<=$B$1,$N11="Yes"),VLOOKUP($K11,Export!$B$2:$AR$29,41,FALSE),$B$6)) -> Unspecified | T11: =IF(ISBLANK($N11),"",IF(AND($D11<=$B$1,$N11="Yes"),VLOOKUP($K11,Export!$B$2:$AR$29,42,FALSE),$B$7)) -> Unspecified
D12: =$D11 -> 6 | E12: IT 1 | F12: Klasse Kaart | G12: Associatie | H12: Associatie | I12: ass hogerlager -> trekstapel zonder details! | J12: Kw0a_96GAqAAwhfs | K12: =INDEX('[1]System Data'!$A:$A,MATCH(J12,'[1]System Data'!$B:$B,0)) -> 33 | L12: No | N12: No | O12: =IF(D12<=$B$1, L12, $B$3) -> No | P12: =IF(ISBLANK(M12), "", IF($D12<=$B$1, M12, $B$4)) | Q12: =IF(ISBLANK(N12), "", IF($D12<=$B$1, N12, $B$4)) -> No | R12: =IF(ISBLANK($N12),"",IF(AND($D12<=$B$1,$N12="Yes"),VLOOKUP($K12,Export!$B$2:$AR$29,40,FALSE),$B$5)) | S12: =IF(ISBLANK($N12),"",IF(AND($D12<=$B$1,$N12="Yes"),VLOOKUP($K12,Export!$B$2:$AR$29,41,FALSE),$B$6)) -> Unspecified | T12: =IF(ISBLANK($N12),"",IF(AND($D12<=$B$1,$N12="Yes"),VLOOKUP($K12,Export!$B$2:$AR$29,42,FALSE),$B$7)) -> Unspecified
D13: =$D12+1 -> 7 | E13: IT 1 | F13: Ctor Kaart | G13: Klasse | H13: Kaart | I13: ctor Kaart | J13: Wo3q_96GAqAAwhdY | K13: =INDEX('[1]System Data'!$A:$A,MATCH(J13,'[1]System Data'!$B:$B,0)) -> 7 | L13: No | O13: =IF(D13<=$B$1, L13, $B$3) -> No | P13: =IF(ISBLANK(M13), "", IF($D13<=$B$1, M13, $B$4)) | Q13: =IF(ISBLANK(N13), "", IF($D13<=$B$1, N13, $B$4)) | R13: =IF(ISBLANK($N13),"",IF(AND($D13<=$B$1,$N13="Yes"),VLOOKUP($K13,Export!$B$2:$AR$29,40,FALSE),$B$5)) | S13: =IF(ISBLANK($N13),"",IF(AND($D13<=$B$1,$N13="Yes"),VLOOKUP($K13,Export!$B$2:$AR$29,41,FALSE),$B$6)) | T13: =IF(ISBLANK($N13),"",IF(AND($D13<=$B$1,$N13="Yes"),VLOOKUP($K13,Export!$B$2:$AR$29,42,FALSE),$B$7))
D14: =$D13 -> 7 | E14: IT 1 | G14: Parameter | H14: Kaart | I14: param waarde | J14: 1Evq_96GAqAAwhdc | K14: =INDEX('[1]System Data'!$A:$A,MATCH(J14,'[1]System Data'!$B:$B,0)) -> 8 | L14: No | O14: =IF(D14<=$B$1, L14, $B$3) -> No | P14: =IF(ISBLANK(M14), "", IF($D14<=$B$1, M14, $B$4)) | Q14: =IF(ISBLANK(N14), "", IF($D14<=$B$1, N14, $B$4)) | R14: =IF(ISBLANK($N14),"",IF(AND($D14<=$B$1,$N14="Yes"),VLOOKUP($K14,Export!$B$2:$AR$29,40,FALSE),$B$5)) | S14: =IF(ISBLANK($N14),"",IF(AND($D14<=$B$1,$N14="Yes"),VLOOKUP($K14,Export!$B$2:$AR$29,41,FALSE),$B$6)) | T14: =IF(ISBLANK($N14),"",IF(AND($D14<=$B$1,$N14="Yes"),VLOOKUP($K14,Export!$B$2:$AR$29,42,FALSE),$B$7))
D15: =$D14 -> 7 | E15: IT 1 | G15: Parameter | H15: Kaart | I15: param kleur | J15: tEvq_96GAqAAwhdd | K15: =INDEX('[1]System Data'!$A:$A,MATCH(J15,'[1]System Data'!$B:$B,0)) -> 9 | L15: No | O15: =IF(D15<=$B$1, L15, $B$3) -> No | P15: =IF(ISBLANK(M15), "", IF($D15<=$B$1, M15, $B$4)) | Q15: =IF(ISBLANK(N15), "", IF($D15<=$B$1, N15, $B$4)) | R15: =IF(ISBLANK($N15),"",IF(AND($D15<=$B$1,$N15="Yes"),VLOOKUP($K15,Export!$B$2:$AR$29,40,FALSE),$B$5)) | S15: =IF(ISBLANK($N15),"",IF(AND($D15<=$B$1,$N15="Yes"),VLOOKUP($K15,Export!$B$2:$AR$29,41,FALSE),$B$6)) | T15: =IF(ISBLANK($N15),"",IF(AND($D15<=$B$1,$N15="Yes"),VLOOKUP($K15,Export!$B$2:$AR$29,42,FALSE),$B$7))
D16: =$D15+1 -> 8 | E16: IT 1 | F16: Associaties kaart uitwerken | G16: Associatie | H16: Associatie | I16: ass hogerlager -> huidigeKaart details | J16: FkUa_96GAqAAwhfk | K16: =INDEX('[1]System Data'!$A:$A,MATCH(J16,'[1]System Data'!$B:$B,0)) -> 30 | L16: No | N16: Yes | O16: =IF(D16<=$B$1, L16, $B$3) -> No | P16: =IF(ISBLANK(M16), "", IF($D16<=$B$1, M16, $B$4)) | Q16: =IF(ISBLANK(N16), "", IF($D16<=$B$1, N16, $B$4)) -> Yes | R16: =IF(ISBLANK($N16),"",IF(AND($D16<=$B$1,$N16="Yes"),VLOOKUP($K16,Export!$B$2:$AR$29,40,FALSE),$B$5)) -> huidigeKaart | S16: =IF(ISBLANK($N16),"",IF(AND($D16<=$B$1,$N16="Yes"),VLOOKUP($K16,Export!$B$2:$AR$29,41,FALSE),$B$6)) -> 1 | T16: =IF(ISBLANK($N16),"",IF(AND($D16<=$B$1,$N16="Yes"),VLOOKUP($K16,Export!$B$2:$AR$29,42,FALSE),$B$7)) -> True
D17: =$D16 -> 8 | E17: IT 1 | G17: Associatie | H17: Associatie | I17: ass hogerlager -> trekstapel details | J17: Kw0a_96GAqAAwhfs | K17: =INDEX('[1]System Data'!$A:$A,MATCH(J17,'[1]System Data'!$B:$B,0)) -> 33 | L17: No | N17: Yes | O17: =IF(D17<=$B$1, L17, $B$3) -> No | P17: =IF(ISBLANK(M17), "", IF($D17<=$B$1, M17, $B$4)) | Q17: =IF(ISBLANK(N17), "", IF($D17<=$B$1, N17, $B$4)) -> Yes | R17: =IF(ISBLANK($N17),"",IF(AND($D17<=$B$1,$N17="Yes"),VLOOKUP($K17,Export!$B$2:$AR$29,40,FALSE),$B$5)) -> trekstapel | S17: =IF(ISBLANK($N17),"",IF(AND($D17<=$B$1,$N17="Yes"),VLOOKUP($K17,Export!$B$2:$AR$29,41,FALSE),$B$6)) -> 0..52 | T17: =IF(ISBLANK($N17),"",IF(AND($D17<=$B$1,$N17="Yes"),VLOOKUP($K17,Export!$B$2:$AR$29,42,FALSE),$B$7)) -> True
D18: =$D17+1 -> 9 | E18: IT 1 | F18: Controller geefHuidigeKaart | G18: Methode | H18: DC | I18: geefHuidigeKaart | J18: YFQ6_96GAqAAwhgu | K18: =INDEX('[1]System Data'!$A:$A,MATCH(J18,'[1]System Data'!$B:$B,0)) -> 23 | L18: No | O18: =IF(D18<=$B$1, L18, $B$3) -> No | P18: =IF(ISBLANK(M18), "", IF($D18<=$B$1, M18, $B$4)) | R18: =IF(ISBLANK($N18),"",IF(AND($D18<=$B$1,$N18="Yes"),VLOOKUP($K18,Export!$B$2:$AR$29,40,FALSE),$B$5)) | S18: =IF(ISBLANK($N18),"",IF(AND($D18<=$B$1,$N18="Yes"),VLOOKUP($K18,Export!$B$2:$AR$29,41,FALSE),$B$6)) | T18: =IF(ISBLANK($N18),"",IF(AND($D18<=$B$1,$N18="Yes"),VLOOKUP($K18,Export!$B$2:$AR$29,42,FALSE),$B$7))
D19: =$D18+1 -> 10 | E19: IT 1 | F19: Expert geefHuidigeKaart 1 | G19: Methode | H19: HogerLager | I19: getHuidigeKaart | J19: nBNa_96GAqAAwhgd | K19: =INDEX('[1]System Data'!$A:$A,MATCH(J19,'[1]System Data'!$B:$B,0)) -> 15 | L19: No | O19: =IF(D19<=$B$1, L19, $B$3) -> No | P19: =IF(ISBLANK(M19), "", IF($D19<=$B$1, M19, $B$4)) | R19: =IF(ISBLANK($N19),"",IF(AND($D19<=$B$1,$N19="Yes"),VLOOKUP($K19,Export!$B$2:$AR$29,40,FALSE),$B$5)) | S19: =IF(ISBLANK($N19),"",IF(AND($D19<=$B$1,$N19="Yes"),VLOOKUP($K19,Export!$B$2:$AR$29,41,FALSE),$B$6)) | T19: =IF(ISBLANK($N19),"",IF(AND($D19<=$B$1,$N19="Yes"),VLOOKUP($K19,Export!$B$2:$AR$29,42,FALSE),$B$7))
D20: =$D19+1 -> 11 | E20: IT 1 | F20: Expert geefHuidigeKaart 2 | G20: Attribuut | H20: Kaart | I20: attr waarde getter | J20: fqrq_96GAqAAwhcJ | K20: =INDEX('[1]System Data'!$A:$A,MATCH(J20,'[1]System Data'!$B:$B,0)) -> 5 | L20: No | M20: Yes | O20: =IF(D20<=$B$1, L20, $B$3) -> No | P20: =IF(ISBLANK(M20), "", IF($D20<=$B$1, M20, $B$4)) -> Yes | R20: =IF(ISBLANK($N20),"",IF(AND($D20<=$B$1,$N20="Yes"),VLOOKUP($K20,Export!$B$2:$AR$29,40,FALSE),$B$5)) | S20: =IF(ISBLANK($N20),"",IF(AND($D20<=$B$1,$N20="Yes"),VLOOKUP($K20,Export!$B$2:$AR$29,41,FALSE),$B$6)) | T20: =IF(ISBLANK($N20),"",IF(AND($D20<=$B$1,$N20="Yes"),VLOOKUP($K20,Export!$B$2:$AR$29,42,FALSE),$B$7))
D21: =$D20 -> 11 | E21: IT 1 | F21: Expert geefHuidigeKaart 2 | G21: Attribuut | H21: Kaart | I21: attr kleur getter | J21: V7rq_96GAqAAwhcO | K21: =INDEX('[1]System Data'!$A:$A,MATCH(J21,'[1]System Data'!$B:$B,0)) -> 6 | L21: No | M21: Yes | O21: =IF(D21<=$B$1, L21, $B$3) -> No | P21: =IF(ISBLANK(M21), "", IF($D21<=$B$1, M21, $B$4)) -> Yes | R21: =IF(ISBLANK($N21),"",IF(AND($D21<=$B$1,$N21="Yes"),VLOOKUP($K21,Export!$B$2:$AR$29,40,FALSE),$B$5)) | S21: =IF(ISBLANK($N21),"",IF(AND($D21<=$B$1,$N21="Yes"),VLOOKUP($K21,Export!$B$2:$AR$29,41,FALSE),$B$6)) | T21: =IF(ISBLANK($N21),"",IF(AND($D21<=$B$1,$N21="Yes"),VLOOKUP($K21,Export!$B$2:$AR$29,42,FALSE),$B$7))
D22: =$D21+1 -> 12 | E22: IT 1 | F22: Controller raadHogerLager | G22: Methode | H22: DC | I22: raadHogerLager | J22: 6mI6_96GAqAAwhgw | K22: =INDEX('[1]System Data'!$A:$A,MATCH(J22,'[1]System Data'!$B:$B,0)) -> 24 | L22: No | O22: =IF(D22<=$B$1, L22, $B$3) -> No | P22: =IF(ISBLANK(M22), "", IF($D22<=$B$1, M22, $B$4)) | R22: =IF(ISBLANK($N22),"",IF(AND($D22<=$B$1,$N22="Yes"),VLOOKUP($K22,Export!$B$2:$AR$29,40,FALSE),$B$5)) | S22: =IF(ISBLANK($N22),"",IF(AND($D22<=$B$1,$N22="Yes"),VLOOKUP($K22,Export!$B$2:$AR$29,41,FALSE),$B$6)) | T22: =IF(ISBLANK($N22),"",IF(AND($D22<=$B$1,$N22="Yes"),VLOOKUP($K22,Export!$B$2:$AR$29,42,FALSE),$B$7))
D23: =$D22 -> 12 | E23: IT 1 | F23: Controller raadHogerLager | G23: Parameter | H23: DC | I23: param hogerlager | J23: SVE6_96GAqAAwhg0 | K23: =INDEX('[1]System Data'!$A:$A,MATCH(J23,'[1]System Data'!$B:$B,0)) -> 25 | L23: No | O23: =IF(D23<=$B$1, L23, $B$3) -> No | P23: =IF(ISBLANK(M23), "", IF($D23<=$B$1, M23, $B$4)) | R23: =IF(ISBLANK($N23),"",IF(AND($D23<=$B$1,$N23="Yes"),VLOOKUP($K23,Export!$B$2:$AR$29,40,FALSE),$B$5)) | S23: =IF(ISBLANK($N23),"",IF(AND($D23<=$B$1,$N23="Yes"),VLOOKUP($K23,Export!$B$2:$AR$29,41,FALSE),$B$6)) | T23: =IF(ISBLANK($N23),"",IF(AND($D23<=$B$1,$N23="Yes"),VLOOKUP($K23,Export!$B$2:$AR$29,42,FALSE),$B$7))
D24: =$D23+1 -> 13 | E24: IT 1 | F24: Expert raadHogerLager | G24: Methode | H24: HogerLager | I24: raadHogerLager | J24: f8za_96GAqAAwhgh | K24: =INDEX('[1]System Data'!$A:$A,MATCH(J24,'[1]System Data'!$B:$B,0)) -> 16 | L24: No | O24: =IF(D24<=$B$1, L24, $B$3) -> No | P24: =IF(ISBLANK(M24), "", IF($D24<=$B$1, M24, $B$4)) | R24: =IF(ISBLANK($N24),"",IF(AND($D24<=$B$1,$N24="Yes"),VLOOKUP($K24,Export!$B$2:$AR$29,40,FALSE),$B$5)) | S24: =IF(ISBLANK($N24),"",IF(AND($D24<=$B$1,$N24="Yes"),VLOOKUP($K24,Export!$B$2:$AR$29,41,FALSE),$B$6)) | T24: =IF(ISBLANK($N24),"",IF(AND($D24<=$B$1,$N24="Yes"),VLOOKUP($K24,Export!$B$2:$AR$29,42,FALSE),$B$7))
D25: =$D24 -> 13 | E25: IT 1 | F25: Expert raadHogerLager | G25: Parameter | H25: HogerLager | I25: param hogerlager | J25: hZra_96GAqAAwhgj | K25: =INDEX('[1]System Data'!$A:$A,MATCH(J25,'[1]System Data'!$B:$B,0)) -> 17 | L25: No | O25: =IF(D25<=$B$1, L25, $B$3) -> No | P25: =IF(ISBLANK(M25), "", IF($D25<=$B$1, M25, $B$4)) | R25: =IF(ISBLANK($N25),"",IF(AND($D25<=$B$1,$N25="Yes"),VLOOKUP($K25,Export!$B$2:$AR$29,40,FALSE),$B$5)) | S25: =IF(ISBLANK($N25),"",IF(AND($D25<=$B$1,$N25="Yes"),VLOOKUP($K25,Export!$B$2:$AR$29,41,FALSE),$B$6)) | T25: =IF(ISBLANK($N25),"",IF(AND($D25<=$B$1,$N25="Yes"),VLOOKUP($K25,Export!$B$2:$AR$29,42,FALSE),$B$7))
D26: =$D25+1 -> 14 | E26: IT 1 | F26: Attribuut correctGeraden | G26: Attribuut | H26: HogerLager | I26: attr correctGeraden | J26: haAH8sGGAqAAywrC | K26: =INDEX('[1]System Data'!$A:$A,MATCH(J26,'[1]System Data'!$B:$B,0)) -> 13 | L26: No | M26: No | O26: =IF(D26<=$B$1, L26, $B$3) -> No | P26: =IF(ISBLANK(M26), "", IF($D26<=$B$1, M26, $B$4)) -> No | R26: =IF(ISBLANK($N26),"",IF(AND($D26<=$B$1,$N26="Yes"),VLOOKUP($K26,Export!$B$2:$AR$29,40,FALSE),$B$5)) | S26: =IF(ISBLANK($N26),"",IF(AND($D26<=$B$1,$N26="Yes"),VLOOKUP($K26,Export!$B$2:$AR$29,41,FALSE),$B$6)) | T26: =IF(ISBLANK($N26),"",IF(AND($D26<=$B$1,$N26="Yes"),VLOOKUP($K26,Export!$B$2:$AR$29,42,FALSE),$B$7))
D27: =$D26+1 -> 15 | E27: IT 1 | F27: Controller isCorrectGeraden | G27: Methode | H27: DC | I27: isCorrectGeraden | J27: uec6_96GAqAAwhg5 | K27: =INDEX('[1]System Data'!$A:$A,MATCH(J27,'[1]System Data'!$B:$B,0)) -> 26 | L27: No | O27: =IF(D27<=$B$1, L27, $B$3) -> No | P27: =IF(ISBLANK(M27), "", IF($D27<=$B$1, M27, $B$4)) | R27: =IF(ISBLANK($N27),"",IF(AND($D27<=$B$1,$N27="Yes"),VLOOKUP($K27,Export!$B$2:$AR$29,40,FALSE),$B$5)) | S27: =IF(ISBLANK($N27),"",IF(AND($D27<=$B$1,$N27="Yes"),VLOOKUP($K27,Export!$B$2:$AR$29,41,FALSE),$B$6)) | T27: =IF(ISBLANK($N27),"",IF(AND($D27<=$B$1,$N27="Yes"),VLOOKUP($K27,Export!$B$2:$AR$29,42,FALSE),$B$7))
D28: =$D27+1 -> 16 | E28: IT 1 | F28: Expert isCorrectGeraden | G28: Attribuut | H28: HogerLager | I28: attr waarde correctGeraden | J28: haAH8sGGAqAAywrC | K28: =INDEX('[1]System Data'!$A:$A,MATCH(J28,'[1]System Data'!$B:$B,0)) -> 13 | L28: No | M28: Yes | O28: =IF(D28<=$B$1, L28, $B$3) -> No | P28: =IF(ISBLANK(M28), "", IF($D28<=$B$1, M28, $B$4)) -> Yes | R28: =IF(ISBLANK($N28),"",IF(AND($D28<=$B$1,$N28="Yes"),VLOOKUP($K28,Export!$B$2:$AR$29,40,FALSE),$B$5)) | S28: =IF(ISBLANK($N28),"",IF(AND($D28<=$B$1,$N28="Yes"),VLOOKUP($K28,Export!$B$2:$AR$29,41,FALSE),$B$6)) | T28: =IF(ISBLANK($N28),"",IF(AND($D28<=$B$1,$N28="Yes"),VLOOKUP($K28,Export!$B$2:$AR$29,42,FALSE),$B$7))
D29: =$D28+1 -> 17 | E29: IT 1 | F29: Controller geefScore | G29: Methode | H29: DC | I29: geefScore | J29: 94K6_96GAqAAwhg9 | K29: =INDEX('[1]System Data'!$A:$A,MATCH(J29,'[1]System Data'!$B:$B,0)) -> 28 | L29: No | O29: =IF(D29<=$B$1, L29, $B$3) -> No | P29: =IF(ISBLANK(M29), "", IF($D29<=$B$1, M29, $B$4)) | R29: =IF(ISBLANK($N29),"",IF(AND($D29<=$B$1,$N29="Yes"),VLOOKUP($K29,Export!$B$2:$AR$29,40,FALSE),$B$5)) | S29: =IF(ISBLANK($N29),"",IF(AND($D29<=$B$1,$N29="Yes"),VLOOKUP($K29,Export!$B$2:$AR$29,41,FALSE),$B$6)) | T29: =IF(ISBLANK($N29),"",IF(AND($D29<=$B$1,$N29="Yes"),VLOOKUP($K29,Export!$B$2:$AR$29,42,FALSE),$B$7))
D30: =$D29+1 -> 18 | E30: IT 1 | F30: Expert geefScore | G30: Attribuut | H30: HogerLager | I30: attr waarde score | J30: yLha_96GAqAAwhgO | K30: =INDEX('[1]System Data'!$A:$A,MATCH(J30,'[1]System Data'!$B:$B,0)) -> 12 | L30: No | M30: Yes | O30: =IF(D30<=$B$1, L30, $B$3) -> No | P30: =IF(ISBLANK(M30), "", IF($D30<=$B$1, M30, $B$4)) -> Yes | R30: =IF(ISBLANK($N30),"",IF(AND($D30<=$B$1,$N30="Yes"),VLOOKUP($K30,Export!$B$2:$AR$29,40,FALSE),$B$5)) | S30: =IF(ISBLANK($N30),"",IF(AND($D30<=$B$1,$N30="Yes"),VLOOKUP($K30,Export!$B$2:$AR$29,41,FALSE),$B$6)) | T30: =IF(ISBLANK($N30),"",IF(AND($D30<=$B$1,$N30="Yes"),VLOOKUP($K30,Export!$B$2:$AR$29,42,FALSE),$B$7))
D31: =$D30+1 -> 19 | E31: IT 1 | F31: Controller isGewonnen | G31: Methode | H31: DC | I31: isGewonnen | J31: Y4q6_96GAqAAwhg_ | K31: =INDEX('[1]System Data'!$A:$A,MATCH(J31,'[1]System Data'!$B:$B,0)) -> 29 | L31: No | O31: =IF(D31<=$B$1, L31, $B$3) -> No | P31: =IF(ISBLANK(M31), "", IF($D31<=$B$1, M31, $B$4)) | R31: =IF(ISBLANK($N31),"",IF(AND($D31<=$B$1,$N31="Yes"),VLOOKUP($K31,Export!$B$2:$AR$29,40,FALSE),$B$5)) | S31: =IF(ISBLANK($N31),"",IF(AND($D31<=$B$1,$N31="Yes"),VLOOKUP($K31,Export!$B$2:$AR$29,41,FALSE),$B$6)) | T31: =IF(ISBLANK($N31),"",IF(AND($D31<=$B$1,$N31="Yes"),VLOOKUP($K31,Export!$B$2:$AR$29,42,FALSE),$B$7))
D32: =$D31+1 -> 20 | E32: IT 1 | F32: Expert isGewonnen | G32: Methode | H32: HogerLager | I32: isGewonnen | J32: 147a_96GAqAAwhgm | K32: =INDEX('[1]System Data'!$A:$A,MATCH(J32,'[1]System Data'!$B:$B,0)) -> 19 | L32: No | M32: No | O32: =IF(D32<=$B$1, L32, $B$3) -> No | P32: =IF(ISBLANK(M32), "", IF(D32<=$B$1, M32, $B$4)) -> No
D33: =$D32+1 -> 21 | E33: IT 1 | F33: Controller isEindeSpel | G33: Methode | H33: DC | I33: isEindeSpel | J33: YzC6_96GAqAAwhg7 | K33: =INDEX('[1]System Data'!$A:$A,MATCH(J33,'[1]System Data'!$B:$B,0)) -> 27 | L33: No | O33: =IF(D33<=$B$1, L33, $B$3) -> No | P33: =IF(ISBLANK(M33), "", IF($D33<=$B$1, M33, $B$4)) | R33: =IF(ISBLANK($N33),"",IF(AND($D33<=$B$1,$N33="Yes"),VLOOKUP($K33,Export!$B$2:$AR$29,40,FALSE),$B$5)) | S33: =IF(ISBLANK($N33),"",IF(AND($D33<=$B$1,$N33="Yes"),VLOOKUP($K33,Export!$B$2:$AR$29,41,FALSE),$B$6)) | T33: =IF(ISBLANK($N33),"",IF(AND($D33<=$B$1,$N33="Yes"),VLOOKUP($K33,Export!$B$2:$AR$29,42,FALSE),$B$7))
D34: =$D33+1 -> 22 | E34: IT 1 | F34: Expert isEindeSpel | G34: Methode | H34: HogerLager | I34: isEindeSpel | J34: xZra_96GAqAAwhgk | K34: =INDEX('[1]System Data'!$A:$A,MATCH(J34,'[1]System Data'!$B:$B,0)) -> 18 | L34: No | O34: =IF(D34<=$B$1, L34, $B$3) -> No | P34: =IF(ISBLANK(M34), "", IF($D34<=$B$1, M34, $B$4)) | R34: =IF(ISBLANK($N34),"",IF(AND($D34<=$B$1,$N34="Yes"),VLOOKUP($K34,Export!$B$2:$AR$29,40,FALSE),$B$5)) | S34: =IF(ISBLANK($N34),"",IF(AND($D34<=$B$1,$N34="Yes"),VLOOKUP($K34,Export!$B$2:$AR$29,41,FALSE),$B$6)) | T34: =IF(ISBLANK($N34),"",IF(AND($D34<=$B$1,$N34="Yes"),VLOOKUP($K34,Export!$B$2:$AR$29,42,FALSE),$B$7))

Sheet Export
B1: ID | C1: Name | D1: Type | E1: Description | F1: Parent Model | G1: Model ID | H1: Stereotypes | I1: Visibility | J1: Abstract | K1: Leaf | L1: Root | M1: Active | N1: Business model | O1: Transit From | P1: Transit To | Q1: Initial value | R1: Multiplicity | S1: Type Modifier | T1: Scope | U1: Aggregation | V1: Derived | W1: Visible | X1: Setter | Y1: Getter | Z1: Unique | AA1: Return type | AB1: Lower | AC1: Upper | AD1: Body condition | AE1: Query | AF1: Ordered | AG1: Direction | AH1: Default Value | AI1: From | AJ1: From Role | AK1: From Multiplicity | AL1: From Navigable | AM1: From Aggregation Kind | AN1: To | AO1: To Role | AP1: To Multiplicity | AQ1: To Navigable | AR1: To Aggregation Kind | AS1: ORM Collection Type | AT1: Diagram ID | AU1: Diagram Name | AV1: Parent ID | AW1: Parent Name | AX1: Delete ?
A2: Diagram | B2: 1 | C2: DCD domein | D2: ClassDiagram | F2: 2 | AX2: No
A3: Class | B3: 3 | C3: Kaart | G3: 4 | I3: public | J3: No | K3: No | L3: No | M3: No | N3: No | Y3: =IF(A3<>"Attribute","",IF(AZ3>=1,"Yes","No")) | AT3: 1 | AU3: DCD domein | AV3: 2 | AW3: domein | AX3: =IF(AY3>=1, "No", "Yes") -> No | AY3: =COUNTIFS(Stappen!$K:$K, B3, Stappen!$O:$O, "No") -> 1 | AZ3: =COUNTIFS(Stappen!$K:$K, B3, Stappen!$P:$P, "Yes") -> 0
A4: Attribute | B4: 5 | C4: waarde | D4: int | G4: 5 | I4: private | J4: No | R4: Unspecified | T4: instance | U4: None | V4: No | W4: Yes | X4: No | Y4: =IF(A4<>"Attribute","",IF(AZ4>=1,"Yes","No")) -> Yes | Z4: Yes | AT4: 1 | AU4: DCD domein | AV4: 4 | AW4: Kaart | AX4: =IF(AY4>=1, "No", "Yes") -> No | AY4: =COUNTIFS(Stappen!$K:$K, B4, Stappen!$O:$O, "No") -> 2 | AZ4: =COUNTIFS(Stappen!$K:$K, B4, Stappen!$P:$P, "Yes") -> 1
A5: Attribute | B5: 6 | C5: kleur | D5: String | G5: 6 | I5: private | J5: No | R5: Unspecified | T5: instance | U5: None | V5: No | W5: Yes | X5: No | Y5: =IF(A5<>"Attribute","",IF(AZ5>=1,"Yes","No")) -> Yes | Z5: Yes | AT5: 1 | AU5: DCD domein | AV5: 4 | AW5: Kaart | AX5: =IF(AY5>=1, "No", "Yes") -> No | AY5: =COUNTIFS(Stappen!$K:$K, B5, Stappen!$O:$O, "No") -> 2 | AZ5: =COUNTIFS(Stappen!$K:$K, B5, Stappen!$P:$P, "Yes") -> 1
A6: Operation | B6: 7 | C6: Kaart | G6: 7 | I6: public | J6: No | K6: No | T6: instance | W6: Yes | Y6: =IF(A6<>"Attribute","",IF(AZ6>=1,"Yes","No")) | Z6: Yes | AE6: No | AF6: No | AT6: 1 | AU6: DCD domein | AV6: 4 | AW6: Kaart | AX6: =IF(AY6>=1, "No", "Yes") -> No | AY6: =COUNTIFS(Stappen!$K:$K, B6, Stappen!$O:$O, "No") -> 1 | AZ6: =COUNTIFS(Stappen!$K:$K, B6, Stappen!$P:$P, "Yes") -> 0
A7: Parameter | B7: 8 | C7: waarde | D7: int | G7: 8 | R7: Unspecified | Y7: =IF(A7<>"Attribute","",IF(AZ7>=1,"Yes","No")) | AG7: inout | AT7: 1 | AU7: DCD domein | AV7: 7 | AW7: Kaart | AX7: =IF(AY7>=1, "No", "Yes") -> No | AY7: =COUNTIFS(Stappen!$K:$K, B7, Stappen!$O:$O, "No") -> 1 | AZ7: =COUNTIFS(Stappen!$K:$K, B7, Stappen!$P:$P, "Yes") -> 0
A8: Parameter | B8: 9 | C8: kleur | D8: String | G8: 9 | R8: Unspecified | Y8: =IF(A8<>"Attribute","",IF(AZ8>=1,"Yes","No")) | AG8: inout | AT8: 1 | AU8: DCD domein | AV8: 7 | AW8: Kaart | AX8: =IF(AY8>=1, "No", "Yes") -> No | AY8: =COUNTIFS(Stappen!$K:$K, B8, Stappen!$O:$O, "No") -> 1 | AZ8: =COUNTIFS(Stappen!$K:$K, B8, Stappen!$P:$P, "Yes") -> 0
A9: Class | B9: 10 | C9: HogerLager | G9: 11 | I9: public | J9: No | K9: No | L9: No | M9: No | N9: No | Y9: =IF(A9<>"Attribute","",IF(AZ9>=1,"Yes","No")) | AT9: 1 | AU9: DCD domein | AV9: 2 | AW9: domein | AX9: =IF(AY9>=1, "No", "Yes") -> No | AY9: =COUNTIFS(Stappen!$K:$K, B9, Stappen!$O:$O, "No") -> 1 | AZ9: =COUNTIFS(Stappen!$K:$K, B9, Stappen!$P:$P, "Yes") -> 0
A10: Attribute | B10: 12 | C10: score | D10: int | G10: 12 | I10: private | J10: No | R10: Unspecified | T10: instance | U10: None | V10: No | W10: Yes | X10: No | Y10: =IF(A10<>"Attribute","",IF(AZ10>=1,"Yes","No")) -> Yes | Z10: Yes | AT10: 1 | AU10: DCD domein | AV10: 11 | AW10: HogerLager | AX10: =IF(AY10>=1, "No", "Yes") -> No | AY10: =COUNTIFS(Stappen!$K:$K, B10, Stappen!$O:$O, "No") -> 2 | AZ10: =COUNTIFS(Stappen!$K:$K, B10, Stappen!$P:$P, "Yes") -> 1
A11: Attribute | B11: 13 | C11: correctGeraden | D11: boolean | G11: 13 | I11: private | J11: No | R11: Unspecified | T11: instance | U11: None | V11: No | W11: Yes | X11: No | Y11: =IF(A11<>"Attribute","",IF(AZ11>=1,"Yes","No")) -> Yes | Z11: Yes | AT11: 1 | AU11: DCD domein | AV11: 11 | AW11: HogerLager | AX11: =IF(AY11>=1, "No", "Yes") -> No | AY11: =COUNTIFS(Stappen!$K:$K, B11, Stappen!$O:$O, "No") -> 2 | AZ11: =COUNTIFS(Stappen!$K:$K, B11, Stappen!$P:$P, "Yes") -> 1
A12: Operation | B12: 14 | C12: HogerLager | G12: 14 | I12: public | J12: No | K12: No | T12: instance | W12: Yes | Y12: =IF(A12<>"Attribute","",IF(AZ12>=1,"Yes","No")) | Z12: Yes | AE12: No | AF12: No | AT12: 1 | AU12: DCD domein | AV12: 11 | AW12: HogerLager | AX12: =IF(AY12>=1, "No", "Yes") -> No | AY12: =COUNTIFS(Stappen!$K:$K, B12, Stappen!$O:$O, "No") -> 1 | AZ12: =COUNTIFS(Stappen!$K:$K, B12, Stappen!$P:$P, "Yes") -> 0
A13: Operation | B13: 15 | C13: getHuidigeKaart | G13: 15 | I13: public | J13: No | K13: No | T13: instance | W13: Yes | Y13: =IF(A13<>"Attribute","",IF(AZ13>=1,"Yes","No")) | Z13: Yes | AA13: Design Model.domein.Kaart | AE13: No | AF13: No | AT13: 1 | AU13: DCD domein | AV13: 11 | AW13: HogerLager | AX13: =IF(AY13>=1, "No", "Yes") -> No | AY13: =COUNTIFS(Stappen!$K:$K, B13, Stappen!$O:$O, "No") -> 1 | AZ13: =COUNTIFS(Stappen!$K:$K, B13, Stappen!$P:$P, "Yes") -> 0
A14: Operation | B14: 16 | C14: raadHogerLager | G14: 16 | I14: public | J14: No | K14: No | T14: instance | W14: Yes | Y14: =IF(A14<>"Attribute","",IF(AZ14>=1,"Yes","No")) | Z14: Yes | AA14: void | AE14: No | AF14: No | AT14: 1 | AU14: DCD domein | AV14: 11 | AW14: HogerLager | AX14: =IF(AY14>=1, "No", "Yes") -> No | AY14: =COUNTIFS(Stappen!$K:$K, B14, Stappen!$O:$O, "No") -> 1 | AZ14: =COUNTIFS(Stappen!$K:$K, B14, Stappen!$P:$P, "Yes") -> 0
A15: Parameter | B15: 17 | C15: hogerLager | D15: boolean | G15: 17 | R15: Unspecified | Y15: =IF(A15<>"Attribute","",IF(AZ15>=1,"Yes","No")) | AG15: inout | AT15: 1 | AU15: DCD domein | AV15: 16 | AW15: raadHogerLager | AX15: =IF(AY15>=1, "No", "Yes") -> No | AY15: =COUNTIFS(Stappen!$K:$K, B15, Stappen!$O:$O, "No") -> 1 | AZ15: =COUNTIFS(Stappen!$K:$K, B15, Stappen!$P:$P, "Yes") -> 0
A16: Operation | B16: 18 | C16: isEindeSpel | G16: 18 | I16: public | J16: No | K16: No | T16: instance | W16: Yes | Y16: =IF(A16<>"Attribute","",IF(AZ16>=1,"Yes","No")) | Z16: Yes | AA16: boolean | AE16: No | AF16: No | AT16: 1 | AU16: DCD domein | AV16: 11 | AW16: HogerLager | AX16: =IF(AY16>=1, "No", "Yes") -> No | AY16: =COUNTIFS(Stappen!$K:$K, B16, Stappen!$O:$O, "No") -> 1 | AZ16: =COUNTIFS(Stappen!$K:$K, B16, Stappen!$P:$P, "Yes") -> 0
A17: Operation | B17: 19 | C17: isGewonnen | G17: 19 | I17: public | J17: No | K17: No | T17: instance | W17: Yes | Y17: =IF(A17<>"Attribute","",IF(AZ17>=1,"Yes","No")) | Z17: Yes | AA17: boolean | AE17: No | AF17: No | AT17: 1 | AU17: DCD domein | AV17: 11 | AW17: HogerLager | AX17: =IF(AY17>=1, "No", "Yes") -> No | AY17: =COUNTIFS(Stappen!$K:$K, B17, Stappen!$O:$O, "No") -> 1 | AZ17: =COUNTIFS(Stappen!$K:$K, B17, Stappen!$P:$P, "Yes") -> 0
A18: Class | B18: 20 | C18: DomeinController | G18: 21 | I18: public | J18: No | K18: No | L18: No | M18: No | N18: No | Y18: =IF(A18<>"Attribute","",IF(AZ18>=1,"Yes","No")) | AT18: 1 | AU18: DCD domein | AV18: 2 | AW18: domein | AX18: =IF(AY18>=1, "No", "Yes") -> No | AY18: =COUNTIFS(Stappen!$K:$K, B18, Stappen!$O:$O, "No") -> 1 | AZ18: =COUNTIFS(Stappen!$K:$K, B18, Stappen!$P:$P, "Yes") -> 0
A19: Operation | B19: 22 | C19: startHogerLager | G19: 22 | I19: public | J19: No | K19: No | T19: instance | W19: Yes | Y19: =IF(A19<>"Attribute","",IF(AZ19>=1,"Yes","No")) | Z19: Yes | AA19: void | AE19: No | AF19: No | AT19: 1 | AU19: DCD domein | AV19: 21 | AW19: DomeinController | AX19: =IF(AY19>=1, "No", "Yes") -> No | AY19: =COUNTIFS(Stappen!$K:$K, B19, Stappen!$O:$O, "No") -> 1 | AZ19: =COUNTIFS(Stappen!$K:$K, B19, Stappen!$P:$P, "Yes") -> 0
A20: Operation | B20: 23 | C20: geefHuidigeKaart | G20: 23 | I20: public | J20: No | K20: No | T20: instance | W20: Yes | Y20: =IF(A20<>"Attribute","",IF(AZ20>=1,"Yes","No")) | Z20: Yes | AA20: KaartDTO | AE20: No | AF20: No | AT20: 1 | AU20: DCD domein | AV20: 21 | AW20: DomeinController | AX20: =IF(AY20>=1, "No", "Yes") -> No | AY20: =COUNTIFS(Stappen!$K:$K, B20, Stappen!$O:$O, "No") -> 1 | AZ20: =COUNTIFS(Stappen!$K:$K, B20, Stappen!$P:$P, "Yes") -> 0
A21: Operation | B21: 24 | C21: raadHogerLager | G21: 24 | I21: public | J21: No | K21: No | T21: instance | W21: Yes | Y21: =IF(A21<>"Attribute","",IF(AZ21>=1,"Yes","No")) | Z21: Yes | AA21: void | AE21: No | AF21: No | AT21: 1 | AU21: DCD domein | AV21: 21 | AW21: DomeinController | AX21: =IF(AY21>=1, "No", "Yes") -> No | AY21: =COUNTIFS(Stappen!$K:$K, B21, Stappen!$O:$O, "No") -> 1 | AZ21: =COUNTIFS(Stappen!$K:$K, B21, Stappen!$P:$P, "Yes") -> 0
A22: Parameter | B22: 25 | C22: hogerLager | D22: boolean | G22: 25 | R22: Unspecified | Y22: =IF(A22<>"Attribute","",IF(AZ22>=1,"Yes","No")) | AG22: inout | AT22: 1 | AU22: DCD domein | AV22: 24 | AW22: raadHogerLager | AX22: =IF(AY22>=1, "No", "Yes") -> No | AY22: =COUNTIFS(Stappen!$K:$K, B22, Stappen!$O:$O, "No") -> 1 | AZ22: =COUNTIFS(Stappen!$K:$K, B22, Stappen!$P:$P, "Yes") -> 0
A23: Operation | B23: 26 | C23: isCorrectGeraden | G23: 26 | I23: public | J23: No | K23: No | T23: instance | W23: Yes | Y23: =IF(A23<>"Attribute","",IF(AZ23>=1,"Yes","No")) | Z23: Yes | AA23: boolean | AE23: No | AF23: No | AT23: 1 | AU23: DCD domein | AV23: 21 | AW23: DomeinController | AX23: =IF(AY23>=1, "No", "Yes") -> No | AY23: =COUNTIFS(Stappen!$K:$K, B23, Stappen!$O:$O, "No") -> 1 | AZ23: =COUNTIFS(Stappen!$K:$K, B23, Stappen!$P:$P, "Yes") -> 0
A24: Operation | B24: 27 | C24: isEindeSpel | G24: 27 | I24: public | J24: No | K24: No | T24: instance | W24: Yes | Y24: =IF(A24<>"Attribute","",IF(AZ24>=1,"Yes","No")) | Z24: Yes | AA24: boolean | AE24: No | AF24: No | AT24: 1 | AU24: DCD domein | AV24: 21 | AW24: DomeinController | AX24: =IF(AY24>=1, "No", "Yes") -> No | AY24: =COUNTIFS(Stappen!$K:$K, B24, Stappen!$O:$O, "No") -> 1 | AZ24: =COUNTIFS(Stappen!$K:$K, B24, Stappen!$P:$P, "Yes") -> 0
A25: Operation | B25: 28 | C25: geefScore | G25: 28 | I25: public | J25: No | K25: No | T25: instance | W25: Yes | Y25: =IF(A25<>"Attribute","",IF(AZ25>=1,"Yes","No")) | Z25: Yes | AA25: int | AE25: No | AF25: No | AT25: 1 | AU25: DCD domein | AV25: 21 | AW25: DomeinController | AX25: =IF(AY25>=1, "No", "Yes") -> No | AY25: =COUNTIFS(Stappen!$K:$K, B25, Stappen!$O:$O, "No") -> 1 | AZ25: =COUNTIFS(Stappen!$K:$K, B25, Stappen!$P:$P, "Yes") -> 0
A26: Operation | B26: 29 | C26: isGewonnen | G26: 29 | I26: public | J26: No | K26: No | T26: instance | W26: Yes | Y26: =IF(A26<>"Attribute","",IF(AZ26>=1,"Yes","No")) | Z26: Yes | AA26: boolean | AE26: No | AF26: No | AT26: 1 | AU26: DCD domein | AV26: 21 | AW26: DomeinController | AX26: =IF(AY26>=1, "No", "Yes") -> No | AY26: =COUNTIFS(Stappen!$K:$K, B26, Stappen!$O:$O, "No") -> 1 | AZ26: =COUNTIFS(Stappen!$K:$K, B26, Stappen!$P:$P, "Yes") -> 0
A27: Association | B27: 30 | G27: 31 | I27: Unspecified | J27: No | K27: No | V27: No | Y27: =IF(A27<>"Attribute","",IF(AZ27>=1,"Yes","No")) | AI27: 10 | AK27: Unspecified | AL27: False | AM27: None | AN27: 3 | AO27: huidigeKaart | AP27: 1 | AQ27: True | AR27: None | AT27: 1 | AU27: DCD domein | AV27: 32 | AW27: Association | AX27: =IF(AY27>=1, "No", "Yes") -> No | AY27: =COUNTIFS(Stappen!$K:$K, B27, Stappen!$O:$O, "No") -> 2 | AZ27: =COUNTIFS(Stappen!$K:$K, B27, Stappen!$P:$P, "Yes") -> 0
A28: Association | B28: 33 | G28: 34 | I28: Unspecified | J28: No | K28: No | V28: No | Y28: =IF(A28<>"Attribute","",IF(AZ28>=1,"Yes","No")) | AI28: 10 | AK28: Unspecified | AL28: False | AM28: None | AN28: 3 | AO28: trekstapel | AP28: 0..52 | AQ28: True | AR28: None | AT28: 1 | AU28: DCD domein | AV28: 32 | AW28: Association | AX28: =IF(AY28>=1, "No", "Yes") -> No | AY28: =COUNTIFS(Stappen!$K:$K, B28, Stappen!$O:$O, "No") -> 2 | AZ28: =COUNTIFS(Stappen!$K:$K, B28, Stappen!$P:$P, "Yes") -> 0
A29: Association | B29: 35 | G29: 36 | I29: Unspecified | J29: No | K29: No | V29: No | Y29: =IF(A29<>"Attribute","",IF(AZ29>=1,"Yes","No")) | AI29: 20 | AK29: Unspecified | AL29: False | AM29: None | AN29: 10 | AO29: hogerLager | AP29: 0..1 | AQ29: True | AR29: None | AT29: 1 | AU29: DCD domein | AV29: 32 | AW29: Association | AX29: =IF(AY29>=1, "No", "Yes") -> No | AY29: =COUNTIFS(Stappen!$K:$K, B29, Stappen!$O:$O, "No") -> 1 | AZ29: =COUNTIFS(Stappen!$K:$K, B29, Stappen!$P:$P, "Yes") -> 0
